{"_timestamp":1.729236754019171e+09,"_runtime":442.123342,"_step":1,"Win_Rate/self_play":0,"_wandb":{"runtime":442},"iteration_time":"00:07:20"}