{"_wandb":{"runtime":1911},"iteration_time":"00:31:47","_timestamp":1.729246496065702e+09,"_runtime":1909.492017,"_step":1,"Win_Rate/self_play":0}