{"Win_Rate/self_play":0,"_wandb":{"runtime":289},"iteration_time":"00:04:47","_timestamp":1.729239055161398e+09,"_runtime":289.265101,"_step":1}