{"iteration_time":"00:39:38","_timestamp":1.729242706971621e+09,"_runtime":2379.974064,"_step":0,"_wandb":{"runtime":2379}}